{"bskill_pow_spd1": ["Lancet-20", "Castle-30", "炎熔0", "伊芙利特0", "格劳克斯0", "煌0", "THRM-EX0", "异客0", "深靛0", "正义骑士号0", "澄闪0", "Friston-30"], "bskill_dorm_single2": ["Lancet-20", "波登可1"], "bskill_man_exp2": ["Castle-30", "白雪1", "霜叶1", "红豆0", "食铁兽0", "圣约送葬人2"], "bskill_meet_spd2": ["12F0", "白雪0", "暗索0", "守林人2", "梅0", "宴1", "断崖2", "杰克1", "风丸0"], "bskill_ws_asc1": ["12F0", "猎蜂1", "刻刀0"], "bskill_man_spd&limit3": ["黑角0", "蛇屠箱0"], "bskill_tra_spd&limit1": ["黑角0", "翎羽1", "四月0"], "bskill_dorm_all&one1": ["杜林0", "安比尔0"], "bskill_dorm_all&one2": ["杜林0"], "bskill_tra_spd2": ["夜刀0", "芬1", "夜烟1", "慕斯0", "缠丸1", "空2", "安比尔1"], "bskill_man_spd1": ["夜刀0", "流星0", "赫默0", "白面鸮0", "豆苗0", "远牙0", "灰毫0", "野鬃0", "褐果0", "星源0", "石英0", "洋灰0"], "bskill_hire_spd1": ["巡林者0"], "bskill_ws_p3": ["巡林者0", "深海色1", "艾丝黛尔0"], "bskill_dorm_single1": ["芙蓉0", "安赛尔0", "末药1", "流星1", "闪灵0", "波登可0"], "bskill_ws_evolve1": ["芙蓉1"], "bskill_man_originium2": ["炎熔1", "地灵1", "艾雅法拉0", "锡兰2"], "bskill_man_spd&limit1": ["米格鲁0", "卡缇0"], "bskill_dorm_single&one01": ["米格鲁1", "卡缇1", "杰克0"], "bskill_man_spd_add1": ["芬0", "刻俄柏2"], "bskill_man_spd_add2": ["克洛丝0", "稀音0"], "bskill_dorm_one2": ["克洛丝1", "艾丝黛尔1", "霜叶0", "幽灵鲨0", "斯卡蒂0", "苇草0", "灰喉2", "安哲拉0", "子月0", "和弦0"], "bskill_train_vanguard1": ["翎羽0", "格拉尼0", "嵯峨0", "夜半0"], "bskill_tra_spd&limit6": ["玫兰莎0", "梓兰1", "远山0"], "bskill_ws_p1": ["玫兰莎1", "砾0"], "bskill_tra_limit&cost": ["史都华德0", "暗索1", "桃金娘0"], "bskill_man_spd2": ["史都华德1", "香草0", "调香师1", "杰西卡0", "赫默2", "白面鸮2", "水月2", "罗比菈塔1", "远牙2", "灰毫2", "野鬃2", "多萝西2", "星源2", "海沫2"], "bskill_tra_spd1": ["安德切尔0", "香草1", "深海色0", "蛇屠箱1", "可颂0", "能天使0", "拜松0", "海蒂0", "琳琅诗怀雅0"], "bskill_ws_p2": ["安德切尔1", "斑点0", "格雷伊1", "麦哲伦0", "吽0", "棘刺0", "休谟斯0"], "bskill_ws_evolve2": ["安赛尔1", "末药0", "调香师0", "嘉维尔0", "蓝毒0", "陨星0", "慑砂2", "亚叶0", "蜜莓0", "蚀清0", "掠风0"], "bskill_hire_spd4": ["梓兰0", "夜魔2", "伊桑0", "宴0", "酸糖0", "淬羽赫默0"], "bskill_tra_spd&cost": ["空爆0", "月见夜0", "古米0"], "bskill_ws_evolve3": ["空爆1", "蓝毒2", "陨星2", "锡兰0", "苏苏洛1", "蜜莓2", "蚀清2", "止颂2"], "bskill_man_originium1": ["月见夜1", "薄绿1", "褐果1"], "bskill_man_spd&limit&cost3": ["泡普卡0", "石棉0"], "bskill_dorm_single&one21": ["泡普卡1"], "bskill_man_gold1": ["斑点1", "夜烟0", "苍苔0"], "bskill_meet_spd3": ["远山1", "红2", "陈2", "星极2", "伺夜0"], "bskill_ctrl_cost": ["杜宾0", "清道夫0", "红0", "临光0", "坚雷1", "送葬人2", "苇草2", "灰喉0", "暴雨0", "焰尾0", "玛恩纳0", "冰酿0", "薇薇安娜0"], "bskill_train_all": ["杜宾1", "诗怀雅2", "鞭刃2"], "bskill_train_guard1": ["猎蜂0", "芙兰卡0", "布洛卡0", "铸铁0", "燧石0", "史尔特尔0", "鞭刃0", "赤冬0", "百炼嘉维尔0", "达格达0", "仇白0"], "bskill_man_limit&cost1": ["清道夫1", "红云0", "刻俄柏0", "豆苗1", "帕拉斯0"], "bskill_hire_spd2": ["地灵0", "普罗旺斯0", "月禾0", "雪绒0"], "bskill_hire_skgoat": ["地灵1"], "bskill_dorm_single&one11": ["慕斯1"], "bskill_train_medic1": ["嘉维尔1", "华法琳0", "苏苏洛0", "纯烬艾雅法拉0"], "bskill_dorm_single&one12": ["古米1", "暴行2", "酸糖1", "隐现2"], "bskill_tra_spd&limit3": ["讯使0", "角峰0", "银灰0"], "bskill_meet_kjerag2": ["讯使1", "耶拉2"], "bskill_train_defender2": ["角峰1"], "bskill_meet_blacksteel2": ["杰西卡1", "芙兰卡2"], "bskill_man_gold2": ["砾1"], "bskill_ws_build1": ["阿消0", "松果0", "罗比菈塔0"], "bskill_pow_spd2": ["阿消1", "雷蛇0", "伊芙利特2", "格劳克斯2", "清流0", "异客2", "深靛1", "布丁0"], "bskill_ws_skill1": ["缠丸0", "暴行0", "炎客0"], "bskill_train_vanguard2": ["红豆1", "格拉尼2"], "bskill_pow_spd3": ["格雷伊0", "雷蛇2", "炎狱炎熔2", "澄闪2"], "bskill_ctrl_t_spd": ["阿米娅0", "诗怀雅0", "明椒0"], "bskill_dorm_all2": ["阿米娅2", "空0", "凛冬0", "推进之王0", "桃金娘1", "波登可1"], "bskill_tra_texas1": ["德克萨斯0"], "bskill_tra_texas2": ["德克萨斯2"], "bskill_train_guard2": ["芙兰卡2", "布洛卡2"], "bskill_meet_spd1": ["芙兰卡0", "因陀罗0", "守林人0", "塞雷娅0", "安洁莉娜0", "星极0", "微风0", "莫斯提马0", "断崖0", "耶拉0", "见行者0", "谜图0", "跃跃0"], "bskill_dorm_all3": ["凛冬2", "推进之王2", "夜莺2"], "bskill_tra_Lappland1": ["拉普兰德0"], "bskill_tra_Lappland2": ["拉普兰德2"], "bskill_dorm_one4": ["幽灵鲨2", "安哲拉2"], "bskill_hire_spd5": ["普罗旺斯2", "艾雅法拉2"], "bskill_dorm_single&one22": ["临光2", "初雪0"], "bskill_meet_glasgow2": ["因陀罗2", "微风2"], "bskill_man_spd&limit&cost1": ["火神0"], "bskill_man_spd&limit&cost2": ["火神2"], "bskill_train_caster1": ["夜魔0", "天火0", "蜜蜡0", "薄绿0", "卡涅利安0"], "bskill_train_caster2": ["天火2", "蜜蜡2"], "bskill_train_medic2": ["华法琳2"], "bskill_dorm_single&one02": ["崖心0"], "bskill_tra_spd&limit4": ["崖心2"], "bskill_train_supporter2": ["初雪2"], "bskill_train_supporter1": ["真理0", "铃兰0", "浊心斯卡蒂0"], "bskill_meet_ursus2": ["真理2"], "bskill_tra_spd&limit7": ["可颂2", "拜松2"], "bskill_train_sniper1": ["白金0", "送葬人0", "W0", "假日威龙陈0", "埃拉托0", "玫拉0"], "bskill_train_sniper2": ["白金2"], "bskill_train_specialist1": ["狮蝎0", "傀影0", "罗宾0", "归溟幽灵鲨0"], "bskill_train_specialist2": ["狮蝎2"], "bskill_man_exp3": ["食铁兽2", "断罪者1"], "bskill_ws_p4": ["梅尔0", "洛洛0"], "bskill_man_spd3": ["梅尔2", "淬羽赫默2"], "bskill_ctrl_lungmen": ["陈0"], "bskill_tra_spd3": ["能天使2", "海蒂2"], "bskill_train_defender1": ["星熊0", "坚雷0", "暴雨0", "极光0", "暮落0"], "bskill_train_defender3": ["星熊2"], "bskill_dorm_single4": ["闪灵2"], "bskill_tra_spd&limit5": ["银灰2"], "bskill_dorm_all1": ["夜莺0", "赫拉格1", "四月0"], "bskill_meet_rhine2": ["塞雷娅2"], "bskill_dorm_one5": ["斯卡蒂2"], "bskill_meet_rhodes2": ["安洁莉娜2"], "bskill_dorm_single_schwarz": ["黑0"], "bskill_train_sniper3": ["黑2"], "bskill_dorm_one1": ["赫拉格0"], "bskill_dorm_all&one3": ["赫拉格2", "风笛0", "远牙0", "缪尔赛思0"], "bskill_ws_skill3": ["赫拉格0", "炎客2", "子月2"], "bskill_ws_cost_magallan": ["麦哲伦2"], "bskill_man_spd_variable11": ["红云1"], "bskill_dorm_one3": ["伊桑1"], "bskill_meet_penguin2": ["莫斯提马2"], "bskill_man_cost_all": ["槐琥0"], "bskill_man_spd_variable21": ["槐琥2"], "bskill_meet_penguin1": ["梅1"], "bskill_ws_build3": ["煌1"], "bskill_ws_evolve4": ["年0"], "bskill_ws_nian": ["年0"], "bskill_ctrl_c_wt": ["阿0"], "bskill_train_medic3": ["阿2"], "bskill_ctrl_lda_add": ["吽2"], "bskill_tra_spd_variable21": ["雪雉0"], "bskill_tra_spd_variable22": ["雪雉2"], "bskill_ws_asc2": ["风笛2"], "bskill_ws_evolve_cost2": ["慑砂0"], "bskill_tra_wt&cost1": ["柏喙0", "巫恋0", "卡夫卡0", "贝娜2", "明椒0", "折光0"], "bskill_tra_wt&cost2": ["柏喙2", "卡夫卡2", "明椒2", "折光2"], "bskill_man_spd&trade": ["清流1"], "bskill_ctrl_c_wt1": ["惊蛰0"], "bskill_ctrl_c_wt2": ["惊蛰2"], "bskill_dorm_single3": ["断罪者0", "琴柳0", "蜜莓2"], "bskill_train_specialist3": ["傀影2"], "bskill_tra_vodfox": ["巫恋2"], "bskill_ws_asc_cost1": ["刻刀1"], "bskill_train3_guard1": ["铸铁2"], "bskill_train3_sniper2": ["W2"], "bskill_train_w": ["W2"], "bskill_man_spd&power2": ["温蒂0", "森蚺2"], "bskill_man_spd&power3": ["温蒂2"], "bskill_meet_rhodes1": ["极境0"], "bskill_meet_flag_rhodes": ["极境2"], "bskill_pow_spd&cost": ["THRM-EX0", "空构0"], "bskill_hire_spd&clue": ["月禾2", "乌有0"], "bskill_man_limit&cost3": ["石棉2"], "bskill_ctrl_ussg": ["早露0"], "bskill_hire_spd&ursus2": ["早露2"], "bskill_meet_ursus1": ["苦艾0"], "bskill_meet_flag_ursus": ["苦艾2"], "bskill_ws_build2": ["莱恩哈特0", "青枳0"], "bskill_ws_build_cost2": ["莱恩哈特2", "青枳2"], "bskill_train_supporter3": ["铃兰2"], "bskill_ws_evolve_cost": ["亚叶2", "维荻0"], "bskill_man_exp&cost": ["卡达0"], "bskill_man_exp&limit2": ["卡达1"], "bskill_man_exp&limit1": ["稀音2"], "bskill_ws_evolve_cost1": ["贾维0", "奥斯塔0", "熔泉0", "号角0"], "bskill_ws_device": ["贾维2"], "bskill_ws_recovery": ["棘刺2"], "bskill_tra_limit_diff": ["孑0"], "bskill_tra_limit_count": ["孑1"], "bskill_man_spd&power1": ["森蚺0", "异客2", "掠风2"], "bskill_ctrl_p_bot": ["森蚺2"], "bskill_dorm_single_tomimi": ["特米米0"], "bskill_train1_caster1": ["特米米2"], "bskill_train2_guard1": ["燧石2"], "bskill_train_guard3": ["史尔特尔2"], "bskill_tra_spd&limit2": ["四月2", "涤火杰西卡0"], "bskill_ws_evolve_dorm1": ["芳汀0"], "bskill_ws_evolve_dorm3": ["芳汀1"], "bskill_dorm_one": ["芳汀1"], "bskill_train2_caster1": ["薄绿2"], "bskill_ws_free": ["瑕光0"], "bskill_ws_cost_blemishine": ["瑕光2"], "bskill_ws_polyester": ["奥斯塔2"], "bskill_man_limit&cost2": ["泡泡0"], "bskill_man_spd_variable31": ["泡泡1"], "bskill_man_spd_bd_n1": ["迷迭香0"], "bskill_man_spd_bd1": ["迷迭香0"], "bskill_man_spd_bd2": ["迷迭香2"], "bskill_ws_constant": ["泥岩0"], "bskill_ws_orirock": ["泥岩2"], "bskill_hire_spd_bd_n1_n1": ["絮雨0"], "bskill_hire_spd_memento": ["絮雨2"], "bskill_hire_spd&blacksteel2": ["山0"], "bskill_meet_flag_rhine": ["山2"], "bskill_train1_specialist1": ["罗宾2"], "bskill_ws_build_cost": ["松果1"], "bskill_tra_spd&dorm1": ["空弦0"], "bskill_tra_spd&dorm2": ["空弦2"], "bskill_dorm_all&bd_n1_n2": ["爱丽丝0"], "bskill_dorm_all&bd_n1": ["爱丽丝2"], "bskill_ctrl_cost_bd1": ["夕0"], "bskill_ctrl_cost_bd2": ["夕0"], "bskill_train_vanguard3": ["嵯峨2"], "bskill_tra_bd_n2": ["乌有2"], "bskill_ctrl_sp": ["炎狱炎熔0", "寒芒克洛丝0", "濯尘芙蓉0"], "bskill_tra_flow_gs1": ["图耶0"], "bskill_tra_flow_gs2": ["图耶2"], "bskill_ctrl_r6": ["灰烬0", "闪击0", "霜华0", "战车0"], "bskill_ctrl_ash": ["灰烬2"], "bskill_hire_blitz": ["闪击2"], "bskill_ws_frost": ["霜华2"], "bskill_ctrl_tachanka": ["战车2"], "bskill_ws_oriron": ["熔泉2"], "bskill_train2_defender1": ["暴雨2"], "bskill_train3_supporter2": ["浊心斯卡蒂2"], "bskill_train_skadi": ["浊心斯卡蒂2"], "bskill_ws_p5": ["凯尔希0"], "bskill_ctrl_p_spd": ["凯尔希2"], "bskill_ctrl_cost_aegir": ["歌蕾蒂娅0"], "bskill_ctrl_aegir": ["歌蕾蒂娅0"], "bskill_ctrl_aegir2": ["歌蕾蒂娅2"], "bskill_train1_guard1": ["赤冬2"], "bskill_train_caster3": ["卡涅利安2"], "bskill_tra_flow_gc1": ["绮良0"], "bskill_tra_flow_gc2": ["绮良2"], "bskill_man_spd&limit&cost4": ["贝娜0"], "bskill_dorm_single_indigo": ["深靛0"], "bskill_man_exp1": ["帕拉斯2"], "bskill_train1_sniper2": ["假日威龙陈2"], "bskill_train_chen": ["假日威龙陈2"], "bskill_man_skill_spd": ["水月0"], "bskill_ws_skill_cost1": ["羽毛笔0"], "bskill_ws_skill2": ["羽毛笔2"], "bskill_tra_long1": ["龙舌兰0"], "bskill_tra_long2": ["龙舌兰2"], "bskill_ctrl_h_spd": ["琴柳2"], "bskill_hire_spd&cost1": ["桑葚0"], "bskill_hire_spd&cost2": ["桑葚1"], "bskill_hire_spd_bd_n2": ["桑葚2"], "bskill_train_knight_bd1": ["耀骑士临光0"], "bskill_train_knight_bd2": ["耀骑士临光2"], "bskill_ctrl_psk": ["焰尾2"], "bskill_pow_jnight": ["正义骑士号0"], "bskill_ctrl_token_p_spd": ["布丁1"], "bskill_ws_drop_oriron": ["蚀清2"], "bskill_ctrl_karlan": ["灵知0"], "bskill_ctrl_t_limit&spd": ["灵知2"], "bskill_train1_defender1": ["极光2"], "bskill_meet_flag_kjerag": ["耶拉2"], "bskill_ws_bonus1": ["九色鹿0"], "bskill_ws_bonus2": ["九色鹿2"], "bskill_train_artsprotector": ["暮落2"], "bskill_ctrl_clear_sui": ["令0"], "bskill_ctrl_cost_bd1&bd2": ["令2"], "bskill_ctrl_lda": ["老鲤0"], "bskill_ctrl_c_spd": ["老鲤2"], "bskill_train_fastshot": ["寒芒克洛丝2"], "bskill_train1_vanguard1": ["夜半2"], "bskill_meet_glasgow1": ["夏栎0"], "bskill_meet_flag_glasgow": ["夏栎2"], "bskill_dorm_reborn": ["菲亚梅塔0"], "bskill_dorm_exchangeAp": ["菲亚梅塔0"], "bskill_meet_spd&cost": ["见行者2"], "bskill_meet_condChar": ["风丸2"], "bskill_ws_alloyBlock": ["号角2"], "bskill_ws_drop_polyester": ["洛洛2"], "bskill_ctrl_c_victoria": ["海蒂2"], "bskill_train3_specialist2": ["归溟幽灵鲨2"], "bskill_train_specter": ["归溟幽灵鲨2"], "bskill_train_vanguard&sniper": ["艾丽妮0"], "bskill_train_reduceTime": ["艾丽妮2"], "bskill_dorm_powToRecAll1": ["流明0"], "bskill_dorm_powToRecAll2": ["流明2"], "bskill_train2_sniper1": ["埃拉托2"], "bskill_tra_bd_n1": ["黑键0"], "bskill_tra_spd_bd1": ["黑键0"], "bskill_tra_spd_bd2": ["黑键2"], "bskill_train2_medic1": ["濯尘芙蓉2"], "bskill_dorm_all&bd_n1_n3": ["车尔尼0"], "bskill_dorm_all&bd_n1_2": ["车尔尼2"], "bskill_man_skill_spd2": ["多萝西0"], "bskill_pow_drone": ["承曦格雷伊0"], "bskill_pow_count": ["承曦格雷伊2"], "bskill_train3_guard2": ["百炼嘉维尔2"], "bskill_train_gavial": ["百炼嘉维尔2"], "bskill_tra_flow_gs": ["鸿雪0"], "bskill_tra_flow_durin": ["鸿雪2"], "bskill_meet_spdNotOwned1": ["晓歌0", "谜图2"], "bskill_meet_spdNotOwned2": ["晓歌2"], "bskill_man_constrLv": ["至简0"], "bskill_man_spd_bd3": ["至简0"], "bskill_man_spd_bd4": ["至简2"], "bskill_ctrl_lonely": ["玛恩纳2"], "bskill_tra_law": ["但书0"], "bskill_tra_against": ["但书0"], "bskill_tra_against2": ["但书2"], "bskill_man_skill_change": ["海沫0"], "bskill_ws_lolxh": ["罗小黑0"], "bskill_ws_cost_lolxh": ["罗小黑1"], "bskill_ws_cost&dorm": ["白铁0"], "bskill_ws_evolve_dorm2": ["白铁2"], "bskill_train_fighter": ["达格达2"], "bskill_man_spd_reduce": ["铅踝0"], "bskill_man_spd_add&cost": ["铅踝1"], "bskill_train_specialist&pioneer1": ["缄默德克萨斯0"], "bskill_train2_specialist&pioneer1": ["缄默德克萨斯2"], "bskill_hire_skgoat2": ["斥罪0"], "bskill_dorm_hireToRecAll1": ["斥罪2"], "bskill_tra_spd&meet1": ["伺夜2"], "bskill_hire_spd&cost3": ["雪绒2"], "bskill_tra_spd&formula1": ["石英1"], "bskill_meet_spd&cost_condChar": ["和弦2"], "bskill_train_caster&medic1": ["焰影苇草0"], "bskill_train_caster&medic2": ["焰影苇草2"], "bskill_ctrl_leader": ["焰影苇草1"], "bskill_ctrl_cost_bd3": ["重岳0"], "bskill_ctrl_cost_bd4": ["重岳2"], "bskill_hire_spd&cost4": ["林0"], "bskill_hire_spd&extra1": ["林2"], "bskill_tra_cost1": ["火哨0"], "bskill_tra_share1": ["火哨2"], "bskill_man_bd1": ["截云0"], "bskill_man_spd_bd5": ["截云0"], "bskill_man_spd_bd6": ["截云2"], "bskill_train_lord": ["仇白2"], "bskill_tra_bd_cost1": ["铎铃0"], "bskill_tra_bd_cost2": ["铎铃2"], "bskill_ctrl_cost_felyne": ["麒麟R夜刀0"], "bskill_ctrl_token_p_spd2": ["麒麟R夜刀2"], "bskill_ctrl_felyne": ["火龙S黑角0"], "bskill_ctrl_token_t_spd": ["火龙S黑角2"], "bskill_tra_spd&limit_felyne": ["泰拉大陆调查团0"], "bskill_man_spd&limit_felyne": ["泰拉大陆调查团0"], "bskill_tra_spd&wt1": ["U-Official0"], "bskill_meet_spdOwned1": ["U-Official0"], "bskill_hire_spd3": ["伊内丝0"], "bskill_meet_spd_hast1": ["伊内丝2"], "bskill_man_limit&cost5": ["洋灰2"], "bskill_dorm_toone1": ["摩根0"], "bskill_tra_par1": ["摩根2"], "bskill_ws_rub": ["休谟斯1"], "bskill_power_rec_rhine": ["缪尔赛思2"], "bskill_meet_spd&cost_condChar2": ["霍尔海雅0"], "bskill_meet_spd&cost_condChar3": ["霍尔海雅2"], "bskill_meet_spd&condChar_mustget": ["霍尔海雅2"], "bskill_train3_sniper1": ["玫拉2"], "bskill_pow_spd_P": ["Friston-30"], "bskill_man_exp4": ["圣约送葬人0"], "bskill_man_exp&limit3": ["圣约送葬人2"], "bskill_power_rec_spd&addition1": ["空构0"], "bskill_power_rec_spd&addition2": ["空构2"], "bskill_hire_spd&clue2": ["隐现0"], "bskill_meet_spd&sami": ["提丰0"], "bskill_train_siegesniper": ["提丰2"], "bskill_dorm_single_sami": ["寒檀0"], "bskill_train_sami": ["寒檀2"], "bskill_meet_spd&bd": ["凛视0"], "bskill_meet_spd&bd&notOwned": ["凛视2"], "bskill_man_skill_spd3": ["苍苔2"], "bskill_trade_ord_spd_variable": ["琳琅诗怀雅2"], "bskill_train_wandermedic": ["纯烬艾雅法拉2"], "bskill_dorm_rec_all&profession": ["纯烬艾雅法拉2"], "bskill_ctrl_bd_spd": ["涤火杰西卡2"], "bskill_man_gold3": ["杏仁0"], "bskill_man_gold&blacksteel": ["杏仁2"], "bskill_dorm_all&single": ["冰酿2"], "bskill_tra_par&per1": ["赫德雷0"], "bskill_tra_par&per2": ["赫德雷2"], "bskill_hire_spd&glasgow": ["戴菲恩0"], "bskill_ctrl_g_limit&spd": ["戴菲恩2"], "bskill_dorm_all4": ["刺玫0"], "bskill_dorm_all_tired": ["刺玫2"], "bskill_ws_Ketone": ["维荻1"], "bskill_dorm_bdnum": ["塑心0"], "bskill_dorm_rec_allbd": ["塑心2"], "bskill_ctrl_fraction_knight": ["薇薇安娜2"], "bskill_ws_constant2": ["止颂0"], "bskill_ws_constant3": ["止颂2"], "bskill_hire_spd&cost5": ["深律0"], "bskill_hire_spd&cost6": ["深律2"], "bskill_hire_bd_B": ["深律2"], "bskill_meet_exchange": ["跃跃1"]}